{"cameraMode":{"drawMode":0,"name":"Shaded","section":"Shading Mode"},"sceneLighting":true,"audioPlay":false,"sceneViewState":{"m_AlwaysRefresh":false,"showFog":true,"showSkybox":true,"showFlares":true,"showImageEffects":true,"showParticleSystems":true,"showVisualEffectGraphs":true,"m_FxEnabled":true},"in2DMode":false,"pivot":{"x":3.766150712966919,"y":-0.05652225390076637,"z":2.6810407638549806},"rotation":{"x":0.4559541344642639,"y":0.3893943727016449,"z":-0.23182643949985505,"w":0.7660630345344544},"size":1.4367796182632447,"orthographic":false}