{"cameraMode":{"drawMode":0,"name":"Shaded","section":"Shading Mode"},"sceneLighting":true,"audioPlay":false,"sceneViewState":{"m_AlwaysRefresh":false,"showFog":true,"showSkybox":true,"showFlares":true,"showImageEffects":true,"showParticleSystems":true,"showVisualEffectGraphs":true,"m_FxEnabled":true},"in2DMode":false,"pivot":{"x":3.9178240299224855,"y":0.8999810218811035,"z":2.977985382080078},"rotation":{"x":0.6040338277816773,"y":0.1384795606136322,"z":-0.10764629393815994,"w":0.7774983644485474},"size":1.0265724658966065,"orthographic":false}