{"cameraMode":{"drawMode":0,"name":"Shaded","section":"Shading Mode"},"sceneLighting":true,"audioPlay":false,"sceneViewState":{"m_AlwaysRefresh":false,"showFog":true,"showSkybox":true,"showFlares":true,"showImageEffects":true,"showParticleSystems":true,"showVisualEffectGraphs":true,"m_FxEnabled":true},"in2DMode":false,"pivot":{"x":1.2973138093948365,"y":1.4992347955703736,"z":0.5075665712356567},"rotation":{"x":0.003420022549107671,"y":-0.9648738503456116,"z":0.01254224218428135,"w":0.2624523937702179},"size":1.642600417137146,"orthographic":false}