{"cameraMode":{"drawMode":0,"name":"Shaded","section":"Shading Mode"},"sceneLighting":true,"audioPlay":false,"sceneViewState":{"m_AlwaysRefresh":false,"showFog":true,"showSkybox":true,"showFlares":true,"showImageEffects":true,"showParticleSystems":true,"showVisualEffectGraphs":true,"m_FxEnabled":true},"in2DMode":false,"pivot":{"x":2.895827054977417,"y":-0.08396781235933304,"z":11.126701354980469},"rotation":{"x":0.3633655607700348,"y":-0.5788649320602417,"z":0.3207627534866333,"w":0.6557567119598389},"size":1.3620260953903199,"orthographic":false}